categoria,n
"Esquizofrenia, trastornos esquizotípicos y trastornos delirantes",2170
Trastornos del humor [afectivos],1255
Trastornos de la personalidad y del comportamiento en adultos,771
"Trastornos neuróticos, trastornos relacionados con el estrés y trastornos somatomorfos",470
Trastornos mentales y del comportamiento debidos al uso de sustancias psicoactivas,175
Trastornos emocionales y del comportamiento que aparecen habitualmente en la niñez y en la adolescencia,132
Síndromes del comportamiento asociados con alteraciones fisiológicas y factores físicos,27
